{
	"images" : [
		 {
		"orientation" : "portrait",
		"idiom" : "iphone",
		"filename" : "Default.png",
		"scale" : "1x"
	},
		 {
		"orientation" : "portrait",
		"idiom" : "iphone",
		"filename" : "Default@2x.png",
		"scale" : "2x"
	},
		 {
		"orientation" : "portrait",
		"idiom" : "iphone",
		"filename" : "Default-568h@2x.png",
		"subtype" : "retina4",
		"scale" : "2x"
	},
		 {
		"orientation" : "portrait",
		"idiom" : "iphone",
		"filename" : "Default@2x.png",
		"minimum-system-version" : "7.0",
		"scale" : "2x"
	},
		 {
		"orientation" : "portrait",
		"idiom" : "iphone",
		"filename" : "Default-568h@2x.png",
		"minimum-system-version" : "7.0",
		"subtype" : "retina4",
		"scale" : "2x"
	},
		 {
		"orientation" : "portrait",
		"idiom" : "ipad",
		"filename" : "Default-Portrait.png",
		"extent" : "full-screen",
		"scale" : "1x"
	},
		 {
		"orientation" : "portrait",
		"idiom" : "ipad",
		"filename" : "Default-Portrait@2x.png",
		"extent" : "full-screen",
		"scale" : "2x"
	},
		 {
		"orientation" : "landscape",
		"idiom" : "ipad",
		"filename" : "Default-Landscape.png",
		"extent" : "full-screen",
		"scale" : "1x"
	},
		 {
		"orientation" : "landscape",
		"idiom" : "ipad",
		"filename" : "Default-Landscape@2x.png",
		"extent" : "full-screen",
		"scale" : "2x"
	},
		 {
		"orientation" : "portrait",
		"idiom" : "ipad",
		"filename" : "Default-Portrait.png",
		"minimum-system-version" : "7.0",
		"extent" : "full-screen",
		"scale" : "1x"
	},
		 {
		"orientation" : "portrait",
		"idiom" : "ipad",
		"filename" : "Default-Portrait@2x.png",
		"minimum-system-version" : "7.0",
		"extent" : "full-screen",
		"scale" : "2x"
	},
		 {
		"orientation" : "landscape",
		"idiom" : "ipad",
		"filename" : "Default-Landscape.png",
		"minimum-system-version" : "7.0",
		"extent" : "full-screen",
		"scale" : "1x"
	},
		 {
		"orientation" : "landscape",
		"idiom" : "ipad",
		"filename" : "Default-Landscape@2x.png",
		"minimum-system-version" : "7.0",
		"extent" : "full-screen",
		"scale" : "2x"
	}
	],
	"info" : {
		"version" : 1,
		"author" : "xcode"
	}
}
